"Department for Children, Schools and Families","11398","Department for Education","11424","DCSF",,,
"Department for Business, Innovation and Skills","11399",,,"BIS","transparency@bis.gsi.gov.uk","http://www.bis.gov.uk/",""
"Ministry of Justice","11400",,,"MOJ",,,
"Department for Communities and Local Government","11401",,,"DCLG",,,
"Home Office","11402",,,"HO",,,
"Department for Environment, Food and Rural Affairs","11403",,,"DEFRA",,,
"Ministry of Defence","11404",,,"MOD",,,
"Department of Energy and Climate Change","11405",,,"DECC",,,
"Department for Transport","11406",,,"DfT",,,
"Cabinet Office","11407",,,"CO",,,
"Office for National Statistics","11408",,,"ONS",,,
"Department for Work and Pensions","11409",,,"DWP",,,
"Department of Health","11410",,,"DH",,,
"Sunderland City Council","11411","Local Authorities","12493","Sunderland CC",,,
"Her Majesty's Revenue and Customs","11412",,,"HMRC",,,
"Welsh Government","11413",,,"Wales",,,
"Scottish Government","11414",,,"Scotland",,,
"Northern Ireland Executive","11415",,,"N. Ireland",,,
"Northern Ireland Office","11416",,,"NIO",,,
"Lichfield District Council","11417","Local Authorities","12493","Lichfield DC",,,
"Her Majesty's Treasury","11418",,,"HMT",,,
"Department for Culture, Media and Sport","11419",,,"DCMS",,,
"DirectGov","11420","Cabinet Office","11407","DG",,,
"Department for International Development","11421",,,"DfID",,,
"Chartered Institute of Public Finance and Accountancy","11423",,,"CIPFA",,,
"Department for Education","11424",,,"DfE",,"http://www.education.gov.uk/","www.education.gov.uk/"
"Care Quality Commission","11425","National Health Service","11567","CQC",,"http://www.cqc.org.uk/","cqc.org.uk"
"London Borough of Brent","11426","Local Authorities","12493","LB Brent",,,
"Bournemouth Borough Council","11427","Local Authorities","12493","Bournemouth BC",,,
"Warwickshire County Council","11428","Local Authorities","12493","Warks CC",,,
"Hampshire County Council","11429","Local Authorities","12493","Hants CC",,,
"Borough of Broxbourne","11430","Local Authorities","12493","BB",,,
"East Staffordshire Borough Council","11431","Local Authorities","12493","East Staffs BC",,,
"Walsall Council","11432","Local Authorities","12493","Walsall C",,,
"Foreign and Commonwealth Office","11433",,,"FCO",,,
"London Borough of Bromley","11434","Local Authorities","12493","LB Bromley",,,
"London Borough of Richmond Upon Thames","11435","Local Authorities","12493","LB Richmond",,,
"Devon County Council","11436","Local Authorities","12493","Devon CC",,,
"London Borough of Barnet","11437","Local Authorities","12493","LB Barnet",,,
"Bedford Borough Council","11438","Local Authorities","12493","Bedford BC",,,
"Blaby District Council","11439","Local Authorities","12493","Blaby DC",,,
"Corby Borough Council","11440","Local Authorities","12493","Corby BC",,,
"South Gloucestershire Council","11441","Local Authorities","12493","S. Glos. C",,,
"Royal Borough of Kensington and Chelsea","11442","Local Authorities","12493","RBKC",,,
"Lewes District Council","11443","Local Authorities","12493","Lewes DC",,,
"Borough Council of King's Lynn & West Norfolk","11444","Local Authorities","12493","BCKLWN",,,
"Uttlesford District Council","11445","Local Authorities","12493","Uttlesford DC",,,
"Crown Prosecution Service","11446","Attorney General's Office","11604","CPS",,"http://www.cps.gov.uk/","cps.gov.uk"
"Bristol City Council","11447","Local Authorities","12493","Bristol CC",,,
"Spikes Cavell Analytic Ltd","11448","Private Sector","13029","Spikes Cavell",,,
"BusinessLink","11449","Her Majesty's Revenue and Customs","11412","BL",,,
"Office for Budget Responsibility","11450","Her Majesty's Treasury","11418","OBR",,,
"Society of Information Technology Management","11451",,,"SOCITM",,,
"None","11539",,,"N",,,
"Office for Standards in Education, Children's Services and Skills","11547","Department for Education","11424","Ofsted",,,
"National Health Service","11567","Department of Health","11410","NHS",,"http://www.nhs.uk/","nhs.uk"
"Harlow Council","11597","Local Authorities","12493","HC",,,
"Luton Borough Council","11599","Local Authorities","12493","LBC",,,
"St Albans City and District Council","11602","Local Authorities","12493","St Albans DC",,,
"Attorney General's Office","11604",,,"AGO",,"http://www.attorneygeneral.gov.uk/","attorneygeneral.gov.uk"
"Office for National Statistics","11606",,,"ONS",,,
"London Borough of Hillingdon","11607","Local Authorities","12493","LBH",,,
"London Borough of Waltham Forest","11609","Local Authorities","12493","LBWF",,,
"North Somerset Council","11611","Local Authorities","12493","NSC",,,
"Greater London Authority","11613","Local Authorities","12493","GLA",,,
"West Dorset District Council","11616","Local Authorities","12493","W. Dorset DC",,,
"Purbeck District Council","11618","Local Authorities","12493","PDC",,,
"Transport Direct","11663","Department for Transport","11406","TD",,"http://www.transportdirect.info/","transportdirect.info"
"London Borough of Sutton","11769","Local Authorities","12493","LBS",,,
"London Borough of Redbridge","11771","Local Authorities","12493","LBR",,,
"Arts Council England","12022","Department for Culture, Media and Sport","11419","ACE",,,
"Health Protection Agency","12076","Department of Health","11410","HPA",,,
"General Register Office for Scotland","12077",,,"GROfS",,,
"Office of Qualifications and Examinations Regulation","12158","Department for Education","11424","Ofqual",,,
"Government Equalities Office","12182",,,"GEO",,"http://data.equalities.gov.uk/media/1232/geo%20spend%20october%202010.csv","October 2010 spend"
"National School of Government","12188",,,"NSG",,,
"Charity Commission for England and Wales","12208",,,"CC",,"http://www.charity-commission.gov.uk","The Charity Commission for England and Wales"
"Office of Rail Regulation","12213","Department for Transport","11406","ORR",,,
"UK Supreme Court","12227",,,"USC",,,
"Forestry Commission","12243","Department for Environment, Food and Rural Affairs","11403","FC",,,
"Postal Services Commission","12246","Department for Business, Innovation and Skills","11399","PSC",,,
"Treasury Solicitor's Department","12253","Attorney General's Office","11604","TSol",,"http://www.tsol.gov.uk/",""
"HM Crown Prosecution Service Inspectorate","12256","Treasury Solicitor's Department","12253","HMCPSI",,"http://www.hmcpsi.gov.uk/",""
"Office of Fair Trading","12270","Department for Business, Innovation and Skills","11399","OFT",,,
"Water Services Regulation Authority","12272","Department for Environment, Food and Rural Affairs","11403","Ofwat",,"http://www.ofwat.gov.uk/",""
"Companies House","12286","Department for Business, Innovation and Skills","11399","CH",,"http://www.companieshouse.gov.uk",""
"Victoria & Albert Museum","12287","Department for Culture, Media and Sport","11419","V&A",,,
"Central Office of Information","12289","Cabinet Office","11407","COI",,,
"Registers of Scotland","12290","Scottish Government","11414","RoS",,,
"Wales Office","12291",,,,,,
"Serious Fraud Office ","12298","Attorney General's Office","11604","SFO",,,
"National Maritime Museum","12304","Department for Culture, Media and Sport","11419","NMM",,,
"National Institute for Health and Clinical Excellence","12305","National Health Service","11567","NICE",,,
"Scotland Office","12362",,,,,,
"National Savings and Investments","12364",,,"NSI",,,
"Food Standards Agency","12367",,,"FSA",,,
"BIG Lottery Fund","12368","Department for Culture, Media and Sport","11419","BLF",,,
"Training and Development Agency for Schools","12369","Department for Education","11424","TDA",,,
"Biotechnology and Biological Sciences Research Council","12370","Department for Business, Innovation and Skills","11399","BBSRC",,,
"Homes and Communities Agency","12371","Department for Communities and Local Government","11401","HCA",,,
"Olympic Park Legacy Company","12374","Department for Communities and Local Government","11401","OPLC",,,
"Valuation Tribunal Service","12375","Department for Communities and Local Government","11401","VTS",,,
"The Pensions Regulator","12376","Department for Work and Pensions","11409","TPR",,,
"Cafcass","12377","Department for Education","11424",,,,
"Churches Conservation Trusts","12378","Department for Culture, Media and Sport","11419","TCCT",,,
"Export Credits Guarantee Department","12379","Department for Business, Innovation and Skills","11399","ECGD",,,
"Standards Board for England","12381","Department for Communities and Local Government","11401","SfE",,,
"National Lottery Commission","12382","Department for Culture, Media and Sport","11419",,,,
"Young People's Learning Agency","12383","Department for Education","11424","YPLA",,,
"Government Actuary's Department","12403",,,"GAD",,,
"Arts and Humanities Research Council","12407","Department for Business, Innovation and Skills","11399","AHRC",,,
"Economic and Social Research Council ","12410","Department for Business, Innovation and Skills","11399","ESRC",,,
"The Leasehold Advisory Service","12428","Department for Communities and Local Government","11401",,,,
"Independent Parliamentary Standards Authority","12431",,,,,,
"National Measurement Office","12435","Department for Business, Innovation and Skills","11399","NMO",,,
"The British Museum","12436","Department for Culture, Media and Sport","11419",,,,
"The National Gallery","12458","Department for Culture, Media and Sport","11419",,,,
"Local Authorities","12493",,,,,,
"West Northamptonshire Development Corporation","12494","Department for Communities and Local Government","11401","WNDC",,,
"Wiltshire Council","12495","Local Authorities","12493",,"webteam@wiltshire.gov.uk","http://www.wiltshire.gov.uk","Wiltshire Council"
"The Pensions Advisory Service","12552","Department for Work and Pensions","11409","TPAS",,,
"Staffordshire and West Midlands Probation Trust ","12558","Ministry of Justice","11400",,,,
"Low Pay Commission","12584","Department for Business, Innovation and Skills","11399",,,,
"Children's Workforce Development Council","12592","Department for Education","11424",,,,
"Remploy Limited","12610","Department for Work and Pensions","11409",,,,
"Water Services Regulation Authority (OFWAT)","12628","Department for Business, Innovation and Skills","11399","OFWAT",,,
"Engineering Construction Industry Training Board","12631","Department for Business, Innovation and Skills","11399","ECITB",,,
"Imperial War Museum","12647","Department for Culture, Media and Sport","11419",,,,
"NHS","12662",,,"N",,,
"Northern Ireland Human Rights Commission","12685","Northern Ireland Executive","11415","NIHRC",,,
"UK Commission for Employment and Skills","12696","Department for Business, Innovation and Skills","11399","UKCES",,,
"Office of Gas and Electricity Markets","12836",,,"OGEM",,,
"Sport England","12896","Department for Culture, Media and Sport","11419",,,,
"Solihull Metropolitan Borough Council","12949","Local Authorities","12493","SMBC",,,
"Yorkshire Forward","12951","Department for Business, Innovation and Skills","11399",,,,
"Birmingham City Council","12952","Local Authorities","12493",,,,
"Child Maintenance and Enforcement Commission","12953","Department for Work and Pensions","11409","CMEC",,,
"UK Sport","12972","Department for Culture, Media and Sport","11419",,,,
"Local Government Ombudsman","13014","Department for Communities and Local Government","11401","LGO",,,
"Health and Safety Executive","13015","Department for Work and Pensions","11409","HSE",,,
"Intellectual Property Office","13028","Department for Business, Innovation and Skills","11399","IPO",,,
"Private Sector","13029",,,,,,
"Cambridgeshire County Council","13060","Local Authorities","12493","CCC",,,
"London Borough of Camden","13063","Local Authorities","12493","LBC",,,
"City of London","13065","Local Authorities","12493","CL",,,
"Fareham Borough Council","13067","Local Authorities","12493","FBC",,,
"London Borough of Merton","13070","Local Authorities","12493","LBM",,,
"Mid Sussex District Council","13073","Local Authorities","12493","MSDC",,,
"Newark and Sherwood District Council","13075","Local Authorities","12493","NSDC",,,
"North Hertfordshire District Council","13077","Local Authorities","12493","NHDC",,,
"South Staffordshire Council","13079","Local Authorities","12493","SSC",,,
"Surrey County Council","13081","Local Authorities","12493","SCC",,,
"Wigan Metropolitan District Council","13084","Local Authorities","12493","WMDC",,,
"Wirral Council","13087","Local Authorities","12493","WC",,,
"Stockton-on-Tees Borough Council","13089","Local Authorities","12493","SBC",,,
"Southampton City Primary Care Tust","13109","National Health Service","11567","SCPCT",,,
"Weston Area Health NHS Trust","13111","National Health Service","11567",,,,
"Tate","13112","Department for Culture, Media and Sport","11419",,,,
"Central Manchester University Hospitals NHS Foundation Trust","13121","National Health Service","11567",,,,
"Birmingham and Solihull Mental Health NHS Foundation Trust","13122","National Health Service","11567",,,,
"NHS Derby City ","13123","National Health Service","11567",,,,
"Buckinghamshire Primary Care Trust","13124","National Health Service","11567",,,,
"Portsmouth Hospital NHS Trust","13125","National Health Service","11567",,,,
"Derbyshire Mental Health Services NHS Trust","13126","National Health Service","11567",,,,
"NHS Business Services Authority","13129","National Health Service","11567","NHSBSA",,,
"Salisbury NHS Foundation Trust","13130","National Health Service","11567",,,,
"Southampton University Hospitals NHS Trust","13131","National Health Service","11567",,,,
"NHS Hull","13132","National Health Service","11567",,,,
"Winchester and Eastleigh Healthcare NHS Trust","13133","National Health Service","11567",,,,
"Croydon Health Services NHS Trust","13134","National Health Service","11567",,,,
"NHS Great Yarmouth and Waveney","13135","National Health Service","11567",,,,
"North East Ambulance Service NHS Trust","13138","National Health Service","11567",,,,
"Frimley Park Hospital NHS Foundation Trust","13139","National Health Service","11567",,,,
"Maidstone and Tunbridge Wells NHS Trust","13140","National Health Service","11567",,,,
"Brent Primary Care Trust","13141","National Health Service","11567",,,,
"Coventry and Warwickshire Partnership NHS Trust","13142","National Health Service","11567",,,,
"South East Essex Primary Care Trust","13144","National Health Service","11567",,,,
"North East Strategic Health Authority","13145","National Health Service","11567",,,,
"Plymouth Hospitals NHS Trust","13146","National Health Service","11567",,,,
"West Midlands Strategic Health Authority","13147","National Health Service","11567",,,,
"NHS Western Cheshire","13148","National Health Service","11567",,,,
"NHS Yorkshire and the Humber","13149","National Health Service","11567",,,,
"St Helens and Knowsley Teaching Hospitals NHS Trust","13150","National Health Service","11567",,,,
"North Yorkshire and York Primary Care Trust","13152","National Health Service","11567",,,,
"Richmond and Twickenham Primary Care Trust ","13154","National Health Service","11567",,,,
"University Hospitals of North Staffordshire","13155","National Health Service","11567",,,,
"NHS North East Essex","13174","National Health Service","11567","NNEEP",,,
"Olympic Lottery Distributor","13186","Department for Culture, Media and Sport","11419",,,,
"NHS South Gloucestershire","13188","National Health Service","11567",,,,
"NHS Somerset ","13238","National Health Service","11567",,,,
"South Northamptonshire Council","13300",,,"SNC","beth.baines@southnorthants.gov.uk","http://www.southnorthants.gov.uk","South Northamptonshire District Council"
"Preston City Council","13312","Local Authorities","12493",,,,
"Calderdale Council","13315","Local Authorities","12493",,,,
"NHS Havering","13358","National Health Service","11567","NH",,,
"British Tourist Authority ","13369","Department for Culture, Media and Sport","11419",,,,
"The Royal Parks","13371","Department for Culture, Media and Sport","11419",,,,
"Advisory, Conciliation and Arbitration Service","13381","Department for Business, Innovation and Skills","11399","Acas",,,
"Nottinghamshire County Council","13457","Local Authorities","12493",,,,
"The Wallace Collection","13459","Department for Culture, Media and Sport","11419",,,,
"Wilton Park Executive Agency","13551","Foreign and Commonwealth Office","11433",,,,
"Marshall Aid Commemoration Commission ","13553","Foreign and Commonwealth Office","11433","MACC",,,
"South Holland District Council","13591","Local Authorities","12493","SHDC","info@sholland.gov.uk","http://www.sholland.gov.uk","South Holland District Council"
"East Lindsey District Council","13592","Local Authorities","12493","ELDC","information.management@e-lindsey.gov.uk","http://www.e-lindsey.gov.uk","East Lindsey District Council"
"Calderdale Metropolitan Borough Council","13684","Local Authorities","12493","CMBC",,,
"Kirklees Council","13766","Local Authorities","12493",,,,
"Higher Education Funding Council for England","13785","Department for Business, Innovation and Skills","11399","HEFCE",,,
"Coal Authority","13786","Department of Energy and Climate Change","11405",,,,
"Technology Strategy Board","13822","Department for Business, Innovation and Skills","11399",,,,
"Ashfield District Council","13823","Local Authorities","12493",,,,
"Natural England","14303","Department for Environment, Food and Rural Affairs","11403",,,,
"Royal Armouries","14350","Department for Culture, Media and Sport","11419",,,,
"Babergh District Council","14380","Local Authorities","12493",,,,
"Basingstoke and Deane Borough Council","14383","Local Authorities","12493","BDBC",,,
"Brighton and Hove City Council","14387","Local Authorities","12493","BHCC",,,
"Cherwell District Council","14389","Local Authorities","12493","CDC",,,
"Cheshire West and Chester Council ","14391","Local Authorities","12493","CWCC",,,
"Chorley Council","14393","Local Authorities","12493","CC",,,
"Darlington Borough Council","14395","Local Authorities","12493","DBC",,,
"Forest Heath District Council","14397","Local Authorities","12493","FHDC",,,
"Hartlepool Borough Council","14400","Local Authorities","12493","HBC",,,
"Hertfordshire County Council","14402","Local Authorities","12493","HCC",,,
"Kent County Council","14404","Local Authorities","12493","KCC",,,
"Sevenoaks District Council","14406","Local Authorities","12493","SDC",,,
"South Ribble Borough Council","14408","Local Authorities","12493","SRBC",,,
"Southampton City Council","14410","Local Authorities","12493","SCC",,,
"Tendring District Council","14412","Local Authorities","12493","TDC",,,
"Torridge District Council","14414","Local Authorities","12493","TDC",,,
"Wakefield Metropolitan District Council","14416","Local Authorities","12493","WMDC",,,
"London Borough of Westminster","14418","Local Authorities","12493","LBW",,,
"London Borough of Islington","14421","Local Authorities","12493","LBI",,,
"Royal Borough of Kingston upon Thames","14423","Local Authorities","12493","RBKT",,,
"Chichester District Council","14425","Local Authorities","12493","CDC",,,
"Liverpool Community Health NHS Trust","14445","National Health Service","11567",,,,
"NHS Plymouth","14464","National Health Service","11567",,,,
"Westminster Foundation for Democracy","14467","Foreign and Commonwealth Office","11433",,,,
"East of England Ambulance Service NHS Trust","14519","National Health Service","11567",,,,
"Bassetlaw District Council","14520","Local Authorities","12493",,,,
"East Sussex County Council","14561","Local Authorities","12493",,"webstaff@eastsussex.gov.uk","http://www.eastsussex.gov.uk","East Sussex County Council"
"NHS Hampshire","14576","National Health Service","11567",,,,
"West Hertfordshire Hospitals NHS Trust ","14577","National Health Service","11567",,,,
"Ashton, Leigh and Wigan Community Healthcare NHS Trust","14641","National Health Service","11567",,,,
"Audit Commission","14753","Department for Communities and Local Government","11401",,,,
"NHS Bristol","14769","National Health Service","11567",,,,
"Hinchingbrooke Health Care NHS Trust","14811","National Health Service","11567",,,,
"Yorkshire Dales National Park Authority","14812","Department for Environment, Food and Rural Affairs","11403",,,,
"South Birmingham Primary Care Trust","14813","National Health Service","11567",,,,
"Birmingham East and North Primary Care Trust","14814","National Health Service","11567",,,,
"Heart of Birmingham teaching Primary Care Trust","14815","National Health Service","11567",,,,
"Herefordshire Council","14979","Local Authorities","12493",,,,
"West Devon Borough Council","14980","Local Authorities","12493",,,,
"Hull City Council","14982","Local Authorities","12493","Hull CC",,,
"British Geological Survey","15004","Department for Business, Innovation and Skills","11399",,,,
"East Dorset District Council","15005","Local Authorities","12493","EDDC","info@eastdorset.gov.uk","http://www.dorsetforyou.com/east","dorsetforyou.com"
"Dacorum Borough Council","15028","Local Authorities","12493","DBC","feedback@dacorum.gov.uk","http://www.dacorum.gov.uk/","Dacorum Borough Council"
"Stevenage Borough Council","15029","Local Authorities","12493","SBC",,,
"Wealden District Council","15041","Local Authorities","12493",,,,
"Burton Hospitals NHS Foundation Trust ","15053","National Health Service","11567",,,,
"Human Fertilisation and Embryology Authority","15069","Department of Health","11410",,,,
"Boston Borough Council","15113","Local Authorities","12493",,,,
"The British Library","15135","Department for Culture, Media and Sport","11419",,,,
"London Borough of Hackney","15165","Local Authorities","12493",,,,
"Wyre Forest District Council","15181","Local Authorities","12493",,,,
"Christchurch Borough Council","15236","Local Authorities","12493","ChristchurchBC",,"http://www.dorsetforyou.com/Christchurch",""
"Royal Borough of Windsor and Maidenhead","15255","Local Authorities","12493",,,,
"West Midlands Regional Observatory","15256","Department for Business, Innovation and Skills","11399",,,,
"Bracknell Forest Council","15257","Local Authorities","12493",,,,
"Woking Borough Council","15283","Local Authorities","12493",,,,
"Sandwell Metropolitan Borough Council","15284","Local Authorities","12493",,,,
"North Warwickshire Borough Council","15426","Local Authorities","12493",,,,
"Rotherham Metropolitan District Council","15449","Local Authorities","12493","RMDC",,,
"The Queen Elizabeth Hospital King's Lynn NHS Trust","15450","National Health Service","11567",,,,
"Buckinghamshire County Council","15461","Local Authorities","12493",,,,
"Eden District Council","15462","Local Authorities","12493",,,,
"Wyre Borough Council","15463","Local Authorities","12493",,,,
"Eastleigh Borough Council","15464","Local Authorities","12493",,,,
"Leeds City Council","15470","Local Authorities","12493",,,,
"Chesterfield Borough Council","15485","Local Authorities","12493",,,,
"West Yorkshire Fire and Rescue Service","15500","Local Authorities","12493",,,,
"Blackburn with Darwen Council","15507","Local Authorities","12493","BDC",,,
"Gedling Borough Council","15509","Local Authorities","12493",,,,
"North Yorkshire County Council","15533","Local Authorities","12493",,,,
"Firebuy","15540","Department for Communities and Local Government","11401",,,,
"Taunton and Somerset NHS Foundation Trust ","15542","National Health Service","11567",,,,
"Musgrove Park Hospital","15543","Taunton and Somerset NHS Foundation Trust ","15542",,,,
"Gloucester City Council","15567","Local Authorities","12493",,"webmaster@gloucester.gov.uk","http://www.gloucester.gov.uk","www.gloucester.gov.uk"
"St Helens Council","15585","Local Authorities","12493",,,,
"London Borough of Harrow","15599","Local Authorities","12493",,,,
"Chelmsford Borough Council","15600","Local Authorities","12493",,,,
"Local Government Boundary Commission for England","15672","Department for Communities and Local Government","11401",,,,
"Royal Borough of Greenwich","15675","Local Authorities","12493","RBG",,,
"London Borough of Lambeth","15737","Local Authorities","12493",,,,
"Transport for London","15780","Greater London Authority","11613",,,,
"Centre for Environment, Fisheries & Aquaculture Science","15781","Department for Environment, Food and Rural Affairs","11403",,,,
"Salford City Council","15797","Local Authorities","12493",,,,
"North West Ambulance Service NHS Trust","16019","National Health Service","11567","NWASNT",,,
"Plymouth NHS Primary Care Trust","16020","National Health Service","11567","PNPCT",,,
"Bexley Care Trust","16074","National Health Service","11567",,,,
"West Sussex County Council","16101","Local Authorities","12493",,,,
"NHS Barking and Dagenham","16104","National Health Service","11567",,,,
"Department of Enterprise Trade and Investment","16113","Northern Ireland Executive","11415",,,,
"Civil Aviation Authority","16114","Department for Transport","11406",,,,
"European Commission","16115",,,,,,
"Eurostat","16117","European Commission","16115",,,,
"NHS Information Centre for Health and Social Care","16121","National Health Service","11567",,,,
"2gether NHS Foundation Trust","16122","National Health Service","11567",,,,
"Advantage West Midlands","16124","Department for Business, Innovation and Skills","11399",,,,
"Airedale NHS Foundation Trust","16125","National Health Service","11567",,,,
"Alder Hey Children's NHS Foundation Trust","16126","National Health Service","11567",,,,
"Animal Health","16127","Department for Environment, Food and Rural Affairs","11403",,,,
"Appointments Commission","16128","Department of Health","11410",,,,
"Ashford and St. Peter's Hospitals NHS Trust","16129","National Health Service","11567",,,,
"Avon and Wiltshire Mental Health Partnership NHS Trust","16130","National Health Service","11567",,,,
"Barnet Primary Care Trust","16131","National Health Service","11567",,,,
"NHS Barnsley","16132","National Health Service","11567",,,,
"Barts and The London NHS Trust","16133","National Health Service","11567",,,,
"NHS Berkshire East","16134","National Health Service","11567",,,,
"Birmingham Children's NHS Foundation Trust","16136","National Health Service","11567",,,,
"Blackburn with Darwen Care Trust Plus","16137","National Health Service","11567",,,,
"Blackpool, Fylde & Wyre Hospitals NHS Foundation Trust","16138","National Health Service","11567",,,,
"Bradford District Care Trust","16139","National Health Service","11567",,,,
"Brighton and Sussex University Hospitals NHS Trust","16140","National Health Service","11567",,,,
"British Educational Communications and Technology Agency","16141","Department for Education","11424",,,,
"British Transport Police Authority","16142","Department for Transport","11406",,,,
"Buckinghamshire Healthcare NHS Trust","16143","National Health Service","11567",,,,
"Buying Solutions","16145","Cabinet Office","11407",,,,
"Calderstones Partnership NHS Foundation Trust","16146","National Health Service","11567",,,,
"Criminal Cases Review Commission","16147","Ministry of Justice","11400",,,,
"Central and Eastern Cheshire Primary Care NHS Trust","16148","National Health Service","11567",,,,
"Charity Commission","16149",,,,,,
"Children and Family Court Advisory and Support Service","16150","Department for Education","11424",,,,
"Companies Investigation Branch","16151","Department for Business, Innovation and Skills","11399",,,,
"Criminal Injuries Compensation Authority","16152","Ministry of Justice","11400",,,,
"Construction Industry Training Board","16153","Department for Business, Innovation and Skills","11399",,,,
"Colchester Hospital University NHS Foundation Trust","16154","National Health Service","11567",,,,
"Commission for Architecture and the Built Environment","16155","Department for Culture, Media and Sport","11419",,,,
"Commission for Rural Communities","16156","Department for Environment, Food and Rural Affairs","11403",,,,
"Cornwall and Isles of Scilly Community Health Services","16157","National Health Service","11567",,,,
"Cornwall Partnership NHS Foundation Trust","16158","National Health Service","11567",,,,
"Council for Healthcare Regulatory Excellence","16159","Department of Health","11410",,,,
"Consumer Council for Water","16160","Department for Environment, Food and Rural Affairs","11403",,,,
"County Durham Primary Care Trust","16161","National Health Service","11567",,,,
"Coventry & Warwickshire Partnership NHS Trust","16162","National Health Service","11567",,,,
"Coventry Primary Care Trust","16163","National Health Service","11567",,,,
"Criminal Records Bureau","16164","Home Office","11402",,,,
"Cumbria Primary Care Trust","16165","National Health Service","11567",,,,
"Darlington Primary Care Trust","16166","National Health Service","11567",,,,
"Dartford and Gravesham NHS Trust","16167","National Health Service","11567",,,,
"Derbyshire Community Health Services","16168","National Health Service","11567",,,,
"Derbyshire Mental Health Services Trust","16169","National Health Service","11567",,,,
"Devon Partnership NHS Trust","16170","National Health Service","11567",,,,
"Directly Operated Railways","16171","Department for Transport","11406",,,,
"Dudley and Walsall Mental Health Partnership NHS Trust","16172","National Health Service","11567",,,,
"Dudley Group of Hospitals NHS Foundation Trust","16173","National Health Service","11567",,,,
"Dudley Primary Care Trust","16174","National Health Service","11567",,,,
"Ealing Primary Care Trust","16175","National Health Service","11567",,,,
"East Cheshire NHS Trust","16176","National Health Service","11567",,,,
"East Lancashire Hospitals NHS Trust","16177","National Health Service","11567",,,,
"East Midlands Ambulance Services NHS Trust","16178","National Health Service","11567",,,,
"East Midlands Strategic Health Authority","16179","National Health Service","11567",,,,
"East Sussex Hospitals NHS Trust","16180","National Health Service","11567",,,,
"Energy Saving Trust","16181","Private Sector","13029",,,,
"Enfield Primary Care Trust","16182","National Health Service","11567",,,,
"Engineering and Physical Sciences Research Council","16183","Department for Business, Innovation and Skills","11399",,,,
"English Heritage","16184","Department for Culture, Media and Sport","11419",,,,
"Environment Agency","16185","Department for Environment, Food and Rural Affairs","11403",,,,
"Epsom and St Helier University Hospitals NHS Trust","16186","National Health Service","11567",,,,
"Equality and Human Rights Commission","16187","Government Equalities Office","12182",,,,
"FCO Services","16188","Foreign and Commonwealth Office","11433",,,,
"FERA","16189","Department for Environment, Food and Rural Affairs","11403",,,,
"Fire Service College","16190","Department for Communities and Local Government","11401",,,,
"Gambling Commission","16191","Department for Culture, Media and Sport","11419",,,,
"Gangmasters Licensing Authority","16192","Department for Environment, Food and Rural Affairs","11403",,,,
"Gateshead Primary Care Trust","16193","National Health Service","11567",,,,
"General Social Care Council","16194","National Health Service","11567",,,,
"Government Offices","16195","Department for Communities and Local Government","11401",,,,
"Great Western Ambulance Service NHS Trust","16196","National Health Service","11567",,,,
"Great Yarmouth and Waveney Primary Care Trust","16197","National Health Service","11567",,,,
"Guys and St Thomas NHS Foundation Trust","16198","National Health Service","11567",,,,
"Hampshire Primary Care Trust","16199","National Health Service","11567",,,,
"Hereford Hospitals NHS Trust","16200","National Health Service","11567",,,,
"Herefordshire Primary Care Trust","16201","National Health Service","11567",,,,
"High Speed 2","16202","Private Sector","13029",,,,
"Higher Education Statistics Agency","16203","Department for Business, Innovation and Skills","11399",,,,
"Highways Agency","16204","Department for Transport","11406",,,,
"HM Courts Service","16205","Ministry of Justice","11400",,,,
"HM Land Registry","16206","Department for Business, Innovation and Skills","11399",,,,
"HM Inspectorate of Constabulary","16207","Home Office","11402",,,,
"Horniman Public Museum & Public Park Trust","16208","Department for Culture, Media and Sport","11419",,,,
"Horserace Betting Levy Board","16209","Department for Culture, Media and Sport","11419",,,,
"Housing and Communities Agency","16210","Department for Communities and Local Government","11401",,,,
"Hull and East Yorkshire Hospitals NHS Trust","16211","National Health Service","11567",,,,
"Human Tissue Authority","16212","Department of Health","11410",,,,
"Information Commissioner's Office","16213","Ministry of Justice","11400",,,,
"Identity & Passport Service","16214","Home Office","11402",,,,
"Imperial College Healthcare NHS Trust","16215","National Health Service","11567",,,,
"Independent Living Fund","16216","Department for Work and Pensions","11409",,,,
"Independent Police Complaints Commission","16217","Home Office","11402",,,,
"Independent Safeguarding Authority","16218","Home Office","11402",,,,
"Infrastructure Planning Commission","16219","Department for Communities and Local Government","11401",,,,
"NHS Scotland","16220","Department of Health","11410",,,,
"ISD Scotland","16221","NHS Scotland","16220",,,,
"Isle of Wight NHS Primary Care Trust","16222","National Health Service","11567",,,,
"Judicial Appointments Commission","16223","Ministry of Justice","11400",,,,
"Joint Nature Conservation Committee","16224","Department for Environment, Food and Rural Affairs","11403",,,,
"Keep Britain Tidy","16225","Department for Environment, Food and Rural Affairs","11403",,,,
"Kingston Hospital NHS Trust","16226","National Health Service","11567",,,,
"Kingston Primary Care Trust","16227","National Health Service","11567",,,,
"Kirklees Primary Care Trust","16228","National Health Service","11567",,,,
"Lambeth Primary Care Trust","16229","National Health Service","11567",,,,
"Lancashire Care NHS Foundation Trust","16230","National Health Service","11567",,,,
"Learning and Skills Council/Skills Funding Agency","16231","Department for Business, Innovation and Skills","11399",,,,
"Leasehold Advisory Service","16232","Department for Communities and Local Government","11401",,,,
"Leeds Teaching Hospitals NHS Trust","16233","National Health Service","11567",,,,
"Leicestershire Partnership NHS Trust","16234","National Health Service","11567",,,,
"Lewisham Primary Care Trust","16235","National Health Service","11567",,,,
"Lincolnshire Primary Care Trust","16236","National Health Service","11567",,,,
"Liverpool Heart and Chest Hospital NHS Foundation Trust","16237","National Health Service","11567",,,,
"Liverpool Primary Care Trust","16238","National Health Service","11567",,,,
"Local Better Regulation Office (LBRO)","16239","Department for Business, Innovation and Skills","11399",,,,
"London Ambulance Service NHS Trust","16240","National Health Service","11567",,,,
"London Thames Gateway Development Corporation","16241","Department for Communities and Local Government","11401",,,,
"Legal Services Board","16242","Ministry of Justice","11400",,,,
"Manchester Mental Health and Social Care Trust","16243","National Health Service","11567",,,,
"Manchester Primary Care Trust","16244","National Health Service","11567",,,,
"Medway Primary Care Trust","16246","National Health Service","11567",,,,
"Mersey Care NHS Trust","16247","National Health Service","11567",,,,
"Met Office","16248","Department for Business, Innovation and Skills","11399",,,,
"Medicines and Healthcare products Regulatory Agency","16249","Department of Health","11410",,,,
"Mid Staffordshire NHS Foundation Trust","16250","National Health Service","11567",,,,
"Milton Keynes Hospital NHS Foundation Trust","16251","National Health Service","11567",,,,
"Milton Keynes Primary Care Trust","16252","National Health Service","11567",,,,
"Monitor - Independent Regulator of NHS Foundation Trusts","16253","National Health Service","11567",,,,
"Museum of Science and Industry","16254",,,"MOSI",,"http://www.mosi.org.uk/","Museum of Science and Industry"
"Museums Libraries and Archives Council","16255","Department for Culture, Media and Sport","11419",,,,
"National College for Leadership of Schools and Children's Services","16256","Department for Education","11424",,,,
"National Employment Savings Trust","16257","Department for Work and Pensions","11409",,,,
"National Forest Company","16258","Department for Environment, Food and Rural Affairs","11403",,,,
"National Fraud Authority","16259","Attorney General's Office","11604",,,,
"National Heritage Memorial Fund","16260","Department for Culture, Media and Sport","11419",,,,
"National Museum of Science and Industry","16261","Department for Culture, Media and Sport","11419",,,,
"National Museums Liverpool","16262","Department for Culture, Media and Sport","11419",,,,
"National Offender Management Service","16263","Ministry of Justice","11400","NOMS",,,
"National Patient Safety Agency","16264","National Health Service","11567",,,,
"National Policing Improvement Agency","16265","Home Office","11402",,,,
"National Treatment Agency for Substance Misuse","16266","National Health Service","11567",,,,
"Natural Environment Research Council","16267","Department for Business, Innovation and Skills","11399",,,,
"Office of National Statistics","16268","Office for National Statistics","11408",,,,
"Newham Primary Care Trust","16269","National Health Service","11567",,,,
"Natural History Museum","16271","Department for Culture, Media and Sport","11419",,,,
"NHS Ashton, Leigh and Wigan","16272","National Health Service","11567",,,,
"NHS Bassetlaw","16273","National Health Service","11567",,,,
"NHS Bath & North East Somerset","16274","National Health Service","11567",,,,
"NHS Bedfordshire","16275","National Health Service","11567",,,,
"NHS Blackpool","16276","National Health Service","11567",,,,
"NHS Blood and Transplant","16277","National Health Service","11567",,,,
"NHS Bolton","16278","National Health Service","11567",,,,
"NHS Bournemouth & Poole","16279","National Health Service","11567",,,,
"NHS Bradford and Airedale","16280","National Health Service","11567",,,,
"NHS Bury","16281","National Health Service","11567",,,,
"NHS Central Lancashire","16282","National Health Service","11567",,,,
"NHS Choices","16283","National Health Service","11567",,,,
"NHS Connecting for Health","16284","National Health Service","11567",,,,
"NHS Connecting for Health and NHS Business Services Authority","16285","National Health Service","11567",,,,
"NHS Cornwall and Isles of Scilly","16286","National Health Service","11567",,,,
"NHS Coventry","16287","National Health Service","11567",,,,
"NHS Derbyshire County","16288","National Health Service","11567",,,,
"NHS Devon","16289","National Health Service","11567",,,,
"NHS East Lancashire","16290","National Health Service","11567",,,,
"NHS East of England Strategic Health Authority","16291","National Health Service","11567",,,,
"NHS East Riding of Yorkshire","16292","National Health Service","11567",,,,
"NHS Eastern and Coastal Kent","16293","National Health Service","11567",,,,
"NHS Gloucestershire","16294","National Health Service","11567",,,,
"NHS Hammersmith and Fulham","16295","National Health Service","11567",,,,
"NHS Harrow","16296","National Health Service","11567",,,,
"NHS Institute for Innovation and Improvement","16297","National Health Service","11567",,,,
"NHS Islington","16298","National Health Service","11567",,,,
"NHS Knowsley","16299","National Health Service","11567",,,,
"NHS Leeds","16300","National Health Service","11567",,,,
"NHS Leicester City","16301","National Health Service","11567",,,,
"NHS Litigation Authority","16302","National Health Service","11567",,,,
"NHS London","16303","National Health Service","11567",,,,
"NHS North Lincolnshire","16304","National Health Service","11567",,,,
"NHS North Staffordshire","16305","National Health Service","11567",,,,
"NHS North West","16306","National Health Service","11567",,,,
"NHS Redbridge","16307","National Health Service","11567",,,,
"NHS Rotherham","16308","National Health Service","11567",,,,
"NHS South East Coast","16309","National Health Service","11567",,,,
"NHS Surrey","16310","National Health Service","11567",,,,
"NHS Tameside & Glossop","16311","National Health Service","11567",,,,
"NHS Telford & Wrekin","16312","National Health Service","11567",,,,
"NHS Trafford","16313","National Health Service","11567",,,,
"NHS Walsall","16314","National Health Service","11567",,,,
"NHS Wandsworth","16315","National Health Service","11567",,,,
"NHS West Sussex","16316","National Health Service","11567",,,,
"NHS Wiltshire","16317","National Health Service","11567",,,,
"Business Services Authority (NHS)","16318","National Health Service","11567",,,,
"Norfolk and Waveney Mental Health NHS Foundation Trust","16319","National Health Service","11567",,,,
"North Bristol NHS Trust","16320","National Health Service","11567",,,,
"North Cumbria University Hospitals NHS Trust","16321","National Health Service","11567",,,,
"North East Lincolnshire Care Trust Plus","16322","National Health Service","11567",,,,
"North Lancashire Teaching PCT","16323","National Health Service","11567",,,,
"North Staffordshire Combined Healthcare NHS Trust","16324","National Health Service","11567",,,,
"North Staffordshire Shared Services","16325","National Health Service","11567",,,,
"North Tyneside Primary Care Trust","16326","National Health Service","11567",,,,
"North West Specialised Commissioning Team","16327","National Health Service","11567",,,,
"Northern Devon Healthcare NHS Trust","16328","National Health Service","11567",,,,
"Northern Ireland Statistics and Research Agency","16329","Northern Ireland Executive","11415",,,,
"NHS Nottingham City","16330","National Health Service","11567",,,,
"Nottingham University Hospitals NHS Trust","16331","National Health Service","11567",,,,
"Nottinghamshire County Teaching Primary Care Trust","16332","National Health Service","11567",,,,
"Nottinghamshire Healthcare NHS Trust","16333","National Health Service","11567",,,,
"Office of Government Commerce","16334","Cabinet Office","11407",,,,
"Office of the Advocate General of Scotland","16335",,,,,,
"Office of the Children's Commissioner","16336","Department for Education","11424",,,,
"Office of the First and Deputy First Minister","16337","Northern Ireland Executive","11415",,,,
"Office of the Immigration Services Commissioner","16338","Home Office","11402",,,,
"Office of the Prime Minister","16339","Cabinet Office","11407",,,,
"Office for Civil Society","16340","Cabinet Office","11407",,,,
"Oldham Primary Care Trust","16341","National Health Service","11567",,,,
"One North East","16342","Department for Business, Innovation and Skills","11399",,,,
"Ordnance Survey","16343","Department for Business, Innovation and Skills","11399",,,,
"Oxfordshire Learning Disability NHS Trust","16344","National Health Service","11567",,,,
"Partnerships for Schools","16345","Department for Education","11424",,,,
"Passenger Focus","16346","Department for Transport","11406",,,,
"Planning Inspectorate","16347","Department for Communities and Local Government","11401",,,,
"Police Service of Northern Ireland","16348","Northern Ireland Executive","11415",,,,
"Portsmouth City Primary Care Trust","16349","National Health Service","11567",,,,
"Portsmouth NHS Trust","16350","National Health Service","11567",,,,
"Public Lending Right","16351","Department for Culture, Media and Sport","11419",,,,
"Qualifications and Curriculum Development Agency","16352","Department for Education","11424",,,,
"Queen Elizabeth II Conference Centre","16353","Department for Communities and Local Government","11401",,,,
"Queen Victoria Hospital NHS Foundation Trust","16354","National Health Service","11567",,,,
"Railway Heritage Committee","16355","Department for Transport","11406",,,,
"Regional Development Agencies","16356","Department for Business, Innovation and Skills","11399",,,,
"Robert Jones & Agnes Hunt Orthopaedic & District Hospital NHS Trust","16358","National Health Service","11567",,,,
"Royal Botanic Gardens, Kew","16359","Department for Environment, Food and Rural Affairs","11403",,,,
"Royal Cornwall Hospitals NHS Trust","16360","National Health Service","11567",,,,
"Royal Free Hampstead NHS Trust","16361","National Health Service","11567",,,,
"Royal Liverpool and Broadgreen University Hospital NHS Trust","16362","National Health Service","11567",,,,
"Royal United Hospital Bath NHS Trust","16363","National Health Service","11567",,,,
"Rural Payments Agency","16364","Department for Environment, Food and Rural Affairs","11403",,,,
"Salford Primary Care Trust","16365",,,,,"http://www.salford-pct.nhs.uk/documents/May2011.csv","http://www.salford-pct.nhs.uk/Expenditure.aspx?section=7"
"Sandwell & West Birmingham Hospitals NHS Trust","16366","National Health Service","11567",,,,
"Sandwell Mental Health and Social Care NHS Foundation Trust","16367","National Health Service","11567",,,,
"Sandwell Primary Care Trust","16368","National Health Service","11567",,,,
"Scarborough and North East Yorkshire Healthcare NHS Trust","16369","National Health Service","11567",,,,
"School Food Trust","16370","Department for Education","11424",,,,
"Science and Technology Facilities Council","16371","Department for Business, Innovation and Skills","11399",,,,
"Scottish Court Service","16372","Scottish Government","11414",,,,
"Scottish Prison Service","16373","Scottish Government","11414",,,,
"Sea Fish Industry Authority","16374","Department for Environment, Food and Rural Affairs","11403",,,,
"Security Industry Authority","16375","Home Office","11402",,,,
"NHS Sefton","16376","National Health Service","11567",,,,
"Serious Organised Crime Agency","16377","Home Office","11402",,,,
"Sheffield Primary Care Trust","16378","National Health Service","11567",,,,
"Shropshire County Primary Care Trust","16379","National Health Service","11567",,,,
"Solihull NHS Care Trust","16380","National Health Service","11567",,,,
"South Central Ambulance Service NHS Trust","16381","National Health Service","11567",,,,
"South Central Strategic Health Authority","16382","National Health Service","11567",,,,
"South East Coast Ambulance Service","16383","National Health Service","11567",,,,
"South Staffordshire and Shropshire Healthcare NHS Foundation Trust","16384","National Health Service","11567",,,,
"South Tyneside Primary Care Trust","16385","National Health Service","11567",,,,
"South Warwickshire NHS Foundation Trust","16386","National Health Service","11567",,,,
"South West London and St George's Mental Health NHS Trust","16387","National Health Service","11567",,,,
"Southport and Ormskirk Hospital NHS Trust","16389","National Health Service","11567",,,,
"Southwark Primary Care Trust","16390","National Health Service","11567",,,,
"St Helens and Knowsley Hospitals NHS Trust","16391","National Health Service","11567",,,,
"Standards for England","16392","Department for Communities and Local Government","11401",,,,
"Stockport Primary Care Trust","16393","National Health Service","11567",,,,
"Student Loans Company Limited","16395","Department for Business, Innovation and Skills","11399",,,,
"Sunderland Teaching Primary Care Trust","16396","National Health Service","11567",,,,
"Surrey and Sussex Healthcare NHS Trust","16397","National Health Service","11567",,,,
"Sustainable Development Commission","16398","Department for Environment, Food and Rural Affairs","11403",,,,
"Swindon Primary Care Trust","16399","National Health Service","11567",,,,
"Tameside Hospital NHS Foundation Trust","16400","National Health Service","11567",,,,
"Tenant Services Authority","16401","Department for Communities and Local Government","11401",,,,
"The Christie NHS Foundation Trust","16402","National Health Service","11567",,,,
"The Churches Conservation Trust","16403","Department for Culture, Media and Sport","11419",,,,
"The Geffrye Museum","16404","Department for Culture, Media and Sport","11419",,,,
"The Genome Analysis Centre","16405","Biotechnology and Biological Sciences Research Council","12370",,,,
"The Institute of Food Research","16406","Biotechnology and Biological Sciences Research Council","12370",,,,
"The John Innes Centre","16407","Biotechnology and Biological Sciences Research Council","12370",,,,
"The Mid Yorkshire Hospitals NHS Trust","16408","National Health Service","11567",,,,
"The National Archives","16409","Ministry of Justice","11400","TNA",,,
"The Pennine Acute Hospitals NHS Trust","16410","National Health Service","11567",,,,
"Pensions Ombudsman","16411","Department for Work and Pensions","11409",,,,
"The Royal Marsden NHS Foundation Trust","16412","National Health Service","11567",,,,
"The Royal Orthopaedic Hospital NHS Foundation Trust","16413","National Health Service","11567",,,,
"The Royal Wolverhampton Hospitals NHS Trust","16414","National Health Service","11567",,,,
"The Shrewsbury and Telford Hospital NHS Trust","16415","National Health Service","11567",,,,
"Thurrock Thames Gateway Development Corporation","16416","Department for Communities and Local Government","11401",,,,
"Torbay Care Trust","16417","National Health Service","11567",,,,
"UK Border Agency","16419","Home Office","11402",,,,
"UK Film Council","16420","Department for Culture, Media and Sport","11419",,,,
"UK Hydrographic Office","16421","Ministry of Defence","11404",,,,
"UK National Air Quality Archive","16422","Department for Environment, Food and Rural Affairs","11403",,,,
"UK Trade and Investment","16423",,,,,,
"United Kingdom Atomic Energy Authority","16424","Department for Business, Innovation and Skills","11399",,,,
"United Lincolnshire Hospitals NHS Trust","16425","National Health Service","11567",,,,
"University College London Hospital NHS Foundation Trust","16426","National Health Service","11567",,,,
"University Hospitals Coventry and Warwickshire NHS Trust","16427","National Health Service","11567",,,,
"University Hospitals of Morecambe Bay NHS Foundation Trust","16428","National Health Service","11567",,,,
"Valuation Tribunals","16429","Department for Communities and Local Government","11401",,,,
"Valuation Office Agency","16430","Her Majesty's Revenue and Customs","11412",,,,
"Vehicle and Operator Services Agency","16431","Department for Transport","11406",,,,
"Vehicle Operator Services Agency","16432","Department for Transport","11406",,,,
"Veterinary Laboratories Agency","16433","Department for Environment, Food and Rural Affairs","11403",,,,
"Wakefield District Primary Care Trust","16435","National Health Service","11567",,,,
"Walsall Hospitals NHS Trust","16436","National Health Service","11567",,,,
"Warrington Primary Care Trust","16437","National Health Service","11567",,,,
"NHS Warwickshire","16438","National Health Service","11567",,,,
"West London Mental Health NHS Trust","16439","National Health Service","11567",,,,
"Western Sussex Hospitals NHS Trust","16441","National Health Service","11567",,,,
"Whittington Hospital NHS Trust","16442","National Health Service","11567",,,,
"Wolverhampton City Primary Care Trust","16443","National Health Service","11567",,,,
"Worcestershire Acute Hospitals NHS Trust","16444","National Health Service","11567",,,,
"Worcestershire Mental Health Partnership NHS Trust","16445","National Health Service","11567",,,,
"Worcestershire Primary Care Trust","16446","National Health Service","11567",,,,
"Wrightington, Wigan & Leigh NHS Foundation Trust","16447","National Health Service","11567",,,,
"NHS National Services Scotland","16448","Scottish Government","11414","NSS",,,
"Department of Culture, Arts and Leisure","16449","Northern Ireland Executive","11415","DCAL",,,
"Department of the Environment","16450","Northern Ireland Executive","11415","DOE",,,
"Department of Finance and Personnel","16476","Northern Ireland Executive","11415","DFP",,,
"Department of Education","16477","Northern Ireland Executive","11415","DENI",,,
"Department for Regional Development","16478","Northern Ireland Executive","11415","DRD",,,
"Department for Employment and Learning","16479","Northern Ireland Executive","11415","DEL",,,
"Department of Health, Social Services and Public Safety","16480","Northern Ireland Executive","11415","DHSSPS",,,
"Department of Agriculture and Rural Development","16481","Northern Ireland Executive","11415","DARD",,,
"Department for Social Development","16482","Northern Ireland Executive","11415","DSD",,,
"Department of Justice","16483","Northern Ireland Executive","11415","DOJ",,,
"Middlesbrough Primary Care Trust","16531","National Health Service","11567",,,,
"Redcar & Cleveland Primary Care Trust","16532","National Health Service","11567",,,,
"Hartlepool Primary Care Trust","16534","National Health Service","11567",,,,
"Stockton Primary Care Trust","16535","National Health Service","11567",,,,
"North Middlesex University Hospital NHS Trust ","16537","National Health Service","11567",,,,
"NHS Stoke on Trent","16538","National Health Service","11567",,,,
"South West Yorkshire Partnership NHS Foundation Trust","16541","National Health Service","11567",,,,
"NHS Wirral","16542","National Health Service","11567",,,,
"Homerton University Hospital NHS Foundation Trust","16557","National Health Service","11567",,,,
"The Princess Alexandra Hospital NHS Trust","16587","National Health Service","11567",,,,
"Royal Brompton & Harefield NHS Trust","16589","National Health Service","11567",,,,
"Derby City Council","16590","Local Authorities","12493",,,,
"Oxfordshire Primary Care Trust","16593","National Health Service","11567",,,,
"NHS Hillingdon","16596","National Health Service","11567",,,,
"Newham University Hospital NHS Trust","16598","National Health Service","11567",,,,
"NHS Kensington and Chelsea","16599","National Health Service","11567",,,,
"Walsall Teaching Primary Care Trust ","16600","National Health Service","11567",,,,
"Newcastle Primary Care Trust","16603","National Health Service","11567",,,,
"Northumberland Care Trust","16604","National Health Service","11567",,,,
"Renewable Fuels Agency","16613","Department for Transport","11406",,,,
"Trafford Healthcare NHS Trust","16766","National Health Service","11567",,,,
"NHS South West","16812","National Health Service","11567",,,,
"Sussex Community NHS Trust","16813","National Health Service","11567",,,,
"Oxford Radcliffe Hospitals NHS Trust","16815","National Health Service","11567",,,,
"NHS Brighton and Hove","16840","National Health Service","11567",,,,
"Heart of England NHS Foundation Trust","16841","National Health Service","11567",,,,
"Barrow Borough Council","16843","Local Authorities","12493",,,,
"Mid Essex Hospital Services NHS Trust","16852","National Health Service","11567",,,,
"Ridgeway Partnership","16864","National Health Service","11567",,,,
"NHS Heywood, Middleton and Rochdale Primary Care Trust","16866","National Health Service","11567",,,,
"Birmingham Primary Care Shared Services Agency ","16867","National Health Service","11567",,,,
"George Eliot Hospital NHS Trust","16883","National Health Service","11567",,,,
"NHS County Durham","16978","National Health Service","11567",,,,
"NHS Darlington","16979","National Health Service","11567",,,,
"National Survey for Wales","17410","Welsh Government","11413",,,,
"Land & Property Services","17424","Department of Finance and Personnel","16476",,,,
"Pitstone Parish Council","18207","Local Authorities","12493",,,,
"Legal Services Commission","18225","Ministry of Justice","11400",,,,
"Parole Board","18228","Ministry of Justice","11400",,,,
"Youth Justice Board","18232","Ministry of Justice","11400",,,,
"Centre for Ecology & Hydrology","18487",,,"CEH","enquiries@ceh.ac.uk","http://www.ceh.ac.uk/","Centre for Ecology & Hydrology"
"Barking, Havering and Redbridge University Hospitals NHS Trust","18783","National Health Service","11567",,,,
"Independent Housing Ombudsman","18824","Department for Communities and Local Government","11401",,,,
"Geoplace","18863","Private Sector","13029",,,,
"British Waterways","19547","Department for Environment, Food and Rural Affairs","11403",,,,
"Derbyshire Dales District Council","19923","Local Authorities","12493",,,,
"Royal Air Force Museum","19956","Ministry of Defence","11404",,,,
"Football Licensing Authority","19974","Department for Culture, Media and Sport","11419",,,,
"Scottish Government Spatial Data Infrastructure","20010","Scottish Government","11414","Scottish SDI",,,
"Leeds Community Healthcare NHS Trust","20016","National Health Service","11567",,,,
"Solent NHS Trust","20018","National Health Service","11567",,,,
"Met Office","20054","Ministry of Defence","11404",,,,
"Veterinary Medicines Directorate","20124","Department for Environment, Food and Rural Affairs","11403",,,,
"Competition Commission","20348","Department for Business, Innovation and Skills","11399",,,,
"Animal Health and Veterinary Laboratories Agency","20388","Department for Environment, Food and Rural Affairs","11403",,,,
"East of England Development Agency","20389","Department for Business, Innovation and Skills","11399",,,,
"National Army Museum","20390","Ministry of Defence","11404",,,,
"Olympic Delivery Authority","20391","Department for Culture, Media and Sport","11419","ODA",,,
"The Hillingdon Hospitals NHS Foundation Trust","20392","National Health Service","11567",,,,
"Marine Management Organisation","20427","Department for Environment, Food and Rural Affairs","11403",,,,
"Defence Science and Technology Laboratory","20452","Ministry of Defence","11404",,,,
"Defence Support Group","20478","Ministry of Defence","11404",,,,
"Medical Research Council","20489","Department for Business, Innovation and Skills","11399",,,,
"General Teaching Council for England","20661","Department of Education","16477",,,,
"North West London Hospitals NHS Trust","20690","National Health Service","11567",,,,
"The Insolvency Service","20700","Department for Business, Innovation and Skills","11399",,,,
"The Food and Environment Research Agency","20890","Department for Environment, Food and Rural Affairs","11403",,,,
"United Kingdom Hydrographic Office","20891","Ministry of Defence","11404",,,,
"Geography and Technology","21059","Welsh Government","11413",,,,
"The Queen Elizabeth II Conference Centre","21082","Department for Communities and Local Government","11401",,,,
"Maritime and Coastguard Agency","21083","Department for Transport","11406",,,,
"The National Museum of the Royal Navy","21183","Ministry of Defence","11404",,,,
"The Northern Lighthouse Board","21332","Department for Transport","11406",,,,
"Consumer Focus","21421","Department for Business, Innovation and Skills","11399",,,,
"Trinity House Lighthouse Service","21824","Department for Transport","11406",,,,
"Wirral Community NHS Trust","21951","National Health Service","11567",,,,
"Marine Environmental Data & Information Network","21956",,,,,,
"Basildon and Thurrock University Hospitals NHS Foundation Trust","21994","National Health Service","11567",,,,
"Capital For Enterprise Ltd","22503","Department for Business, Innovation and Skills","11399",,,,
"Defence Infrastructure Organisation","23278","Ministry of Defence","11404",,,,
"NHS Hertfordshire","23336","National Health Service","11567",,,,
"CRC Energy Efficiency Scheme","23373","Department of Energy and Climate Change","11405",,,,
"Welsh Government Spatial Data Infrastructure","23784","Welsh Government","11413",,,,
"Worcestershire Health and Care NHS Trust","23798","National Health Service","11567",,,,
"Barnsley Metropolitan Borough Council","23868",,,"BMBC","online@barnsley.gov.uk","http://www.barnsley.gov.uk","Barnsley Council online"
"Knowledge & Analytical Services","24546","Welsh Government","11413",,,,
"Worcestershire County Council","24576","Local Authorities","12493",,,,
"Robert Jones and Agnes Hunt Orthopaedic Hospital NHS Foundation Trust","24952","Department of Health","11410",,,,
"Lincolnshire Partnership NHS Foundation Trust","25183","Department of Health","11410",,,,
"National Biodiversity Network","25359",,,,,,
"Bridgewater Community Healthcare NHS Trust","25421","National Health Service","11567",,,,
"Lincolnshire Community Health Services NHS Trust","25540","National Health Service","11567",,,,
"Pennine Care NHS Foundation Trust","25698","National Health Service","11567",,,,
"Newquay Town Council","25866","Local Authorities","12493",,,"http://www.newquaycouncil.co.uk","Newquay Town Council"
"Cheltenham Borough Council","25867","Local Authorities","12493",,,,
"Southern Health NHS Foundation Trust","25900","National Health Service","11567",,,,
"Shropshire Community Health NHS Trust","25946","National Health Service","11567",,,,
"Wolverton and Greenleys Town Council","25989","Local Authorities","12493",,,,
"Hart District Council","26208","Local Authorities","12493",,,,
"Solihull Primary Care Trust","26309","National Health Service","11567",,,,
"Sefton Metropolitan Borough Council","26566","Local Authorities","12493",,,,
"Keynsham Town Council","27569","Local Authorities","12493",,,,
"Hazel Lee","28266","Cabinet Office","11407",,,,
"George Wilson","28267","Olympic Delivery Authority","20391",,,,
"NHS Brent","28268","Department of Health","11410",,,,
"Harrogate Borough Council","28269","Local Authorities","12493",,,,
"St Austell Town Council","28270","Local Authorities","12493",,,,
"NHS Kent and Medway","28509","National Health Service","11567",,,,
"National Assocation of Local Councils","28510","Department for Communities and Local Government","11401",,,,
"National Records of Scotland","28640","Scottish Government","11414","NRS",,,
"Doncaster PCT","28678","National Health Service","11567",,,,
"GPS","28682","Cabinet Office","11407",,,,
"National Portrait Gallery","28727","Department for Culture, Media and Sport","11419",,,,
"Collections Trust","28879","Department for Culture, Media and Sport","11419",,,,
"Bromley PCT","28975","National Health Service","11567",,,,
"YORKSHIRE AMBULANCE SERVICE NHS TRUST","28995","National Health Service","11567",,,,
"The Ipswich Hospital NHS Trust","31195","National Health Service","11567",,,,
"Mid Essex PCT","31196","National Health Service","11567",,,,
"Charity commissions for England and Wales","31197","Charity Commission for England and Wales","12208",,,,
"Committee on Climate Change","31313","Department of Energy and Climate Change","11405",,,,
"Barnsley Primary Care Trust","32045","National Health Service","11567",,,,
"City and Hackney Primary Care Trust","32093","National Health Service","11567",,,,
"Tower Hamlets PCT","32094","National Health Service","11567",,,,
"Office for Low Emission Vehicles","32295","Department for Transport","11406",,,,
"Monmouthshire County Council","32619","Welsh Government","11413",,,,
"Northumberland County Council","32658","Local Authorities","12493",,,,
"Norfolk Community Health and Care NHS Trust","32866","National Health Service","11567",,,,
"Shaftesbury Town Council","33035","Local Authorities","12493",,,,
"Royal Borough of Windsor and Maidenhead","33036","Local Authorities","12493",,,,
"Engineering Construction Industry Training Board","33180","Department for Business, Innovation and Skills","11399","ECITB",,,
"Monmouthshire County Council","33245","Local Authorities","12493",,,,
"South West Essex PCT","33625","National Health Service","11567",,,,
"Northern Ireland ","33626","Northern Ireland Executive","11415",,,,
"Northern Ireland Spatial Data Infrastructure","33627","Northern Ireland Executive","11415",,,,
"Royal College of Paediatrics & Child Health","33646","Department of Health","11410",,,,
"Learning and Skills Improvement Service","33657","Department for Business, Innovation and Skills","11399",,,,
"North Tyneside Metropolitan Borough Council","33961","Local Authorities","12493",,,,
"Bodmin Town Council","34237","Local Authorities","12493",,,,
"NHS Reference Costs","34238","Department of Health","11410",,,,
"Iain Sharp","34613","London Borough of Hackney","15165",,,,
"St Edmundsbury Borough Council","34943","Local Authorities","12493",,,,
"NHS Dorset","35053","National Health Service","11567",,,,
"LONDON BOROUGH OF BEXLEY","35690","Local Authorities","12493",,,,
"Paul Lyons","36487","Office for National Statistics","11408",,,,
"Barbara Lennards","36488","Office for National Statistics","11408",,,,
"Isle of Wight NHS Trust","36489","National Health Service","11567",,,,
"Department of Health - Details of Exceptions to Spending Moratoria ","37369","Department of Health","11410",,,,
"Kettering General Hospital NHS Foundation Trust","37370","National Health Service","11567",,,,
